,Wavelength(nm),R(ELEC)
1,249.1,-17.46566
10,237.9,141.85532
25,215.0,12.74194
50,203.2,-14.06806
100,191.4,17.23421
150,183.4,-46.83773
200,179.3,-27.74027
250,173.1,8.21817
300,167.1,13.03661
