,Wavelength(nm),R(ELEC)
1,252.0,137.53849
10,220.4,-153.62074
25,210.5,-0.19598
50,198.3,-19.83593
100,183.6,-26.9366
150,176.0,-8.02985
200,165.4,-4.4819
250,159.5,-4.73552
300,155.3,8.42324
