,Wavelength(nm),R(ELEC)
1,249.7,14.154
10,222.9,-82.98579
25,212.6,-10.63526
50,197.2,-0.00868
100,184.4,12.57853
150,177.2,105.97956
200,165.4,-3.37327
250,160.4,0.20049
300,155.8,-11.0037
