Method,Peak_λ(nm),Peak_Δε
Gaussian,222.12709030100336,75.87801590014584
Lorentzian,289.2173913043478,58.840631912714976
Voigt,222.52173913043475,29.195202070720196
