Method,Peak_λ(nm),Peak_Δε
Gaussian,278.22742474916384,157.21206172098331
Lorentzian,280.1672240802676,108.3841929791748
Voigt,274.3478260869565,61.546667519015884
