Method,Peak_λ(nm),Peak_Δε
Gaussian,281.3244147157191,61.034872099251565
Lorentzian,284.0869565217391,52.93166387713189
Voigt,278.9565217391305,19.783924972494155
