Method,Peak_λ(nm),Peak_Δε
Gaussian,282.90301003344484,75.91898363246331
Lorentzian,284.4816053511706,61.415128476791594
Voigt,281.71906354515056,28.315258595801183
