Method,Peak_λ(nm),Peak_Δε
Gaussian,348.06020066889636,134.8139974778984
Lorentzian,347.57525083612046,102.67621834992231
Voigt,350.0,62.55440202243866
