Method,Peak_λ(nm),Peak_Δε
Gaussian,288.4113712374582,362.65540147383507
Lorentzian,290.3511705685618,281.0778869400433
Voigt,287.44147157190633,151.8919783247555
