Method,Peak_λ(nm),Peak_Δε
Gaussian,278.9565217391305,112.60272617147798
Lorentzian,278.9565217391305,91.70082075560886
Voigt,278.56187290969905,51.84455815942224
