Method,Peak_λ(nm),Peak_Δε
Gaussian,214.2341137123746,87.4013229109608
Lorentzian,213.83946488294316,57.37501787348188
Voigt,213.05016722408027,37.2527512734717
