Method,Peak_λ(nm),Peak_Δε
Gaussian,235.06688963210703,252.9790154122808
Lorentzian,296.6555183946489,196.5905775613434
Voigt,293.2608695652174,93.24555674291155
