Method,Peak_λ(nm),Peak_Δε
Gaussian,292.7692307692307,79.25747456849736
Lorentzian,293.16387959866216,63.4234378510208
Voigt,291.9799331103679,39.29717393394624
